question,ground_truth,context,source_file
"Tengo una feature con m/z 518.2408, RT 1.45 min, detectada en mi muestra de '1-s2.0-S259015752400539X-main.pdf'. ¿Qué es y qué bioactividad tiene?","Information from Table Row:
{
  ""N"": ""25"",
  ""m/z"": ""518.2408"",
  ""RT"": ""1.45"",
  ""V1"": ""1.6"",
  ""V2"": ""0.8"",
  ""Molecular formula"": ""C21H35N5O10"",
  ""Adduct"": ""[M + +"",
  ""ppm"": ""6.2349"",
  ""Main fragments"": ""291.0867 -"",
  ""Tentative identification"": ""Val-Asp-Val-Ala-Asp"",
  ""Alkalization trend"": ""\u2193""
}
Source File: 1-s2.0-S259015752400539X-main.pdf","{""N"": ""25"", ""m/z"": ""518.2408"", ""RT"": ""1.45"", ""V1"": ""1.6"", ""V2"": ""0.8"", ""Molecular formula"": ""C21H35N5O10"", ""Adduct"": ""[M + +"", ""ppm"": ""6.2349"", ""Main fragments"": ""291.0867 -"", ""Tentative identification"": ""Val-Asp-Val-Ala-Asp"", ""Alkalization trend"": ""\u2193""}",1-s2.0-S259015752400539X-main.pdf
"Tengo una feature con m/z 317.1016, RT 4.44 min, detectada en mi muestra de '1-s2.0-S259015752400539X-main.pdf'. ¿Qué es y qué bioactividad tiene?","Information from Table Row:
{
  ""N"": ""14"",
  ""m/z"": ""317.1016"",
  ""RT"": ""4.44"",
  ""V1"": ""1.7"",
  ""V2"": ""0.4"",
  ""Molecular formula"": ""C17H16O6"",
  ""Adduct"": ""H] + [M +"",
  ""ppm"": ""GLYPH<0> 0.2986"",
  ""Main fragments"": ""-"",
  ""Tentative identification"": ""Persicogenin"",
  ""Alkalization trend"": ""\u2193""
}
Source File: 1-s2.0-S259015752400539X-main.pdf","{""N"": ""14"", ""m/z"": ""317.1016"", ""RT"": ""4.44"", ""V1"": ""1.7"", ""V2"": ""0.4"", ""Molecular formula"": ""C17H16O6"", ""Adduct"": ""H] + [M +"", ""ppm"": ""GLYPH<0> 0.2986"", ""Main fragments"": ""-"", ""Tentative identification"": ""Persicogenin"", ""Alkalization trend"": ""\u2193""}",1-s2.0-S259015752400539X-main.pdf
